{
	"music.simulation":{
		"sounds":[
			"music/music.00"
		]
	},
	"music.basics":{
		"sounds":[
			"music/music.01"
		]
	},
	"music.circuitry":{
		"sounds":[
			"music/music.02"
		]
	},
	"music.repulsion":{
		"sounds":[
			"music/music.03"
		]
	},
	"music.adhesion":{
		"sounds":[
			"music/music.04"
		]
	},
	"music.drown":{
		"sounds":[
			"music/music.05"
		]
	},
	"music.catherine":{
		"sounds":[
			"music/music.06"
		]
	},
	"music.collection":{
		"sounds":[
			"music/music.07"
		]
	},
	"music.dancer":{
		"sounds":[
			"music/music.08"
		]
	},
	"music.deprivation":{
		"sounds":[
			"music/music.09"
		]
	},
	"music.finale":{
		"sounds":[
			"music/music.10"
		]
	},
	"music.complete":{
		"sounds":[
			"music/music.11"
		]
	},
	"dialogue.00":{
		"sounds":[
			"dialogue/dialogue.00"
		]
	},
	"dialogue.01":{
		"sounds":[
			"dialogue/dialogue.01"
		]
	},
	"dialogue.02":{
		"sounds":[
			"dialogue/dialogue.02"
		]
	},
	"dialogue.03":{
		"sounds":[
			"dialogue/dialogue.03"
		]
	},	
	"dialogue.04":{
		"sounds":[
			"dialogue/dialogue.04"
		]
	},
	"dialogue.05":{
		"sounds":[
			"dialogue/dialogue.05"
		]
	},
	"dialogue.06":{
		"sounds":[
			"dialogue/dialogue.06"
		]
	},
		"dialogue.07":{
		"sounds":[
			"dialogue/dialogue.07"
		]
	},
		"dialogue.08":{
		"sounds":[
			"dialogue/dialogue.08"
		]
	},
		"dialogue.09":{
		"sounds":[
			"dialogue/dialogue.09"
		]
	},
		"dialogue.10":{
		"sounds":[
			"dialogue/dialogue.10"
		]
	},
		"dialogue.11":{
		"sounds":[
			"dialogue/dialogue.11"
		]
	},
		"dialogue.12":{
		"sounds":[
			"dialogue/dialogue.12"
		]
	},
		"dialogue.13":{
		"sounds":[
			"dialogue/dialogue.13"
		]
	},
		"dialogue.14":{
		"sounds":[
			"dialogue/dialogue.14"
		]
	},
		"dialogue.15":{
		"sounds":[
			"dialogue/dialogue.15"
		]
	},
		"dialogue.16":{
		"sounds":[
			"dialogue/dialogue.16"
		]
	},
		"dialogue.17":{
		"sounds":[
			"dialogue/dialogue.17"
		]
	},
		"dialogue.18":{
		"sounds":[
			"dialogue/dialogue.18"
		]
	},
		"dialogue.19":{
		"sounds":[
			"dialogue/dialogue.19"
		]
	}
}

